time_of_day,weather,num_people
7,sunny,4
12,cloudy,5
17,sunny,1
18,cloudy,4
25,cloudy,4
31,rainy,7
45,sunny,5
50,sunny,2
61,sunny,7
65,sunny,5
69,rainy,5
101,cloudy,3
106,snowy,4
106,rainy,6
111,rainy,6
113,cloudy,6
123,sunny,6
126,rainy,7
127,sunny,4
154,rainy,3
155,rainy,4
157,sunny,6
174,cloudy,4
177,snowy,5
199,sunny,1
220,sunny,4
245,cloudy,4
250,rainy,5
252,sunny,1
252,cloudy,7
259,sunny,4
262,cloudy,6
285,sunny,3
288,rainy,2
288,sunny,3
302,snowy,5
333,cloudy,1
340,cloudy,10
348,snowy,2
353,cloudy,9
358,snowy,9
364,cloudy,5
370,rainy,4
370,rainy,3
371,cloudy,5
377,cloudy,3
392,sunny,7
393,sunny,7
395,sunny,6
396,sunny,5
404,cloudy,6
405,rainy,7
415,sunny,8
438,sunny,4
441,cloudy,4
450,sunny,3
451,rainy,5
479,rainy,3
489,rainy,9
504,sunny,3
508,sunny,5
515,sunny,6
520,cloudy,7
521,sunny,4
540,sunny,18
540,snowy,16
541,rainy,10
541,sunny,15
541,sunny,20
541,cloudy,24
541,rainy,14
541,cloudy,20
542,sunny,16
542,sunny,16
542,rainy,14
543,cloudy,17
543,snowy,15
543,cloudy,18
543,rainy,22
543,snowy,18
543,cloudy,11
543,cloudy,9
543,sunny,13
543,cloudy,17
543,rainy,18
543,sunny,17
544,rainy,12
544,snowy,12
544,sunny,10
544,cloudy,18
544,rainy,15
545,sunny,19
545,sunny,12
545,cloudy,15
545,cloudy,17
545,sunny,14
546,cloudy,18
546,sunny,16
546,cloudy,12
546,cloudy,18
547,sunny,25
547,sunny,17
548,sunny,17
548,snowy,15
548,sunny,12
548,cloudy,19
548,snowy,10
548,cloudy,15
548,cloudy,11
548,cloudy,15
548,cloudy,17
548,rainy,13
549,cloudy,13
549,sunny,15
549,cloudy,13
549,cloudy,21
549,sunny,24
549,cloudy,10
550,sunny,12
550,cloudy,17
550,sunny,18
550,sunny,7
550,sunny,16
550,sunny,12
550,cloudy,16
551,sunny,15
551,cloudy,6
551,cloudy,11
551,rainy,15
551,sunny,8
552,cloudy,10
552,cloudy,20
552,sunny,23
552,sunny,19
553,sunny,16
553,rainy,20
554,rainy,16
554,cloudy,9
555,cloudy,14
555,sunny,5
555,rainy,20
555,sunny,9
555,sunny,10
556,rainy,14
556,cloudy,13
557,sunny,6
557,sunny,15
557,cloudy,18
557,sunny,15
557,cloudy,12
557,sunny,20
558,sunny,21
558,sunny,28
558,sunny,11
558,snowy,14
558,cloudy,19
559,sunny,12
559,sunny,16
559,rainy,11
560,cloudy,18
560,cloudy,15
560,cloudy,16
560,rainy,16
560,sunny,17
560,snowy,20
561,rainy,12
561,rainy,19
562,sunny,14
562,rainy,13
562,cloudy,23
562,snowy,18
562,cloudy,13
562,sunny,16
562,cloudy,16
563,sunny,13
563,rainy,20
563,rainy,10
563,cloudy,13
564,sunny,17
564,rainy,20
564,sunny,17
564,sunny,17
564,cloudy,10
564,sunny,19
565,sunny,14
565,cloudy,10
565,rainy,12
565,cloudy,15
565,cloudy,10
565,snowy,15
566,cloudy,19
566,cloudy,15
566,sunny,9
566,rainy,9
566,cloudy,13
567,rainy,21
567,sunny,18
567,sunny,17
567,snowy,17
568,sunny,23
568,sunny,14
568,cloudy,16
568,cloudy,15
568,cloudy,18
568,rainy,16
568,sunny,15
569,rainy,16
569,sunny,19
569,sunny,20
569,cloudy,17
569,rainy,15
569,cloudy,12
569,cloudy,12
570,cloudy,8
570,snowy,26
570,sunny,14
570,sunny,8
571,sunny,7
571,snowy,12
571,sunny,14
572,rainy,19
572,cloudy,11
572,rainy,18
573,rainy,19
573,sunny,17
574,cloudy,24
574,rainy,15
574,sunny,11
574,sunny,13
574,sunny,17
574,rainy,18
574,rainy,13
574,cloudy,6
575,cloudy,12
575,rainy,12
576,rainy,14
576,sunny,13
577,sunny,11
577,rainy,14
577,cloudy,10
577,sunny,14
577,rainy,16
577,cloudy,14
578,sunny,15
578,cloudy,12
578,sunny,9
578,sunny,14
578,sunny,18
578,sunny,16
578,sunny,8
578,snowy,18
578,cloudy,17
579,cloudy,17
579,rainy,14
579,sunny,14
579,cloudy,9
579,sunny,18
579,sunny,10
579,sunny,14
580,cloudy,6
580,rainy,27
580,rainy,15
580,cloudy,17
580,rainy,21
580,rainy,20
580,cloudy,16
580,sunny,14
581,cloudy,14
581,snowy,14
581,snowy,18
581,cloudy,13
582,cloudy,19
582,cloudy,14
582,rainy,26
583,cloudy,15
583,cloudy,12
583,snowy,14
583,sunny,16
583,rainy,10
583,rainy,10
584,cloudy,15
584,sunny,13
584,snowy,16
584,cloudy,12
585,sunny,14
586,cloudy,16
586,sunny,18
586,sunny,20
587,sunny,14
587,sunny,17
587,rainy,19
587,sunny,13
588,cloudy,11
588,sunny,14
588,cloudy,4
588,sunny,24
589,sunny,12
589,cloudy,14
589,cloudy,14
589,sunny,15
590,rainy,19
590,sunny,21
590,snowy,14
590,rainy,11
590,sunny,12
590,cloudy,14
590,snowy,14
590,rainy,8
590,sunny,17
591,snowy,15
591,cloudy,16
591,rainy,14
591,rainy,9
591,snowy,17
591,cloudy,14
591,cloudy,18
591,cloudy,13
591,sunny,17
591,cloudy,13
592,rainy,14
592,cloudy,14
592,cloudy,10
592,cloudy,9
593,cloudy,11
593,sunny,21
593,sunny,13
593,cloudy,17
593,snowy,20
593,sunny,20
593,snowy,14
594,rainy,15
594,snowy,12
594,rainy,17
595,sunny,13
595,cloudy,16
595,sunny,18
595,sunny,11
596,cloudy,10
596,sunny,16
596,sunny,12
596,rainy,14
596,cloudy,19
597,cloudy,17
597,sunny,17
597,sunny,14
597,sunny,10
597,sunny,16
597,rainy,14
597,cloudy,13
597,rainy,17
598,cloudy,14
598,sunny,15
598,rainy,19
599,sunny,15
599,cloudy,14
600,sunny,9
600,cloudy,13
600,cloudy,17
600,sunny,15
600,sunny,16
600,sunny,15
601,cloudy,12
601,cloudy,11
601,rainy,23
601,sunny,17
601,snowy,22
601,sunny,17
602,sunny,12
602,rainy,21
602,sunny,12
602,cloudy,10
602,cloudy,15
603,sunny,13
603,sunny,17
603,cloudy,14
603,rainy,13
603,sunny,17
603,cloudy,13
604,sunny,16
604,sunny,21
604,sunny,18
604,snowy,18
605,snowy,18
605,sunny,10
605,cloudy,19
605,rainy,27
605,cloudy,14
605,sunny,12
606,snowy,19
606,sunny,18
606,cloudy,16
606,sunny,18
606,cloudy,17
607,sunny,9
607,sunny,10
608,cloudy,14
608,rainy,12
608,sunny,14
608,sunny,13
609,sunny,22
609,cloudy,17
609,rainy,19
609,sunny,16
609,sunny,18
610,sunny,18
610,cloudy,15
610,rainy,21
610,cloudy,21
610,rainy,10
611,rainy,11
611,sunny,6
611,snowy,4
612,cloudy,15
612,cloudy,17
612,cloudy,14
612,cloudy,14
612,rainy,18
613,sunny,12
613,sunny,15
613,rainy,17
613,cloudy,15
613,rainy,17
613,sunny,12
613,snowy,25
613,cloudy,15
613,snowy,7
613,rainy,19
614,sunny,15
615,rainy,16
615,sunny,19
615,rainy,16
615,sunny,13
615,sunny,14
615,cloudy,14
615,cloudy,23
616,cloudy,25
616,sunny,17
616,sunny,14
616,cloudy,18
616,sunny,15
616,cloudy,14
616,sunny,21
616,rainy,16
616,cloudy,15
616,sunny,15
616,cloudy,16
616,cloudy,20
617,cloudy,19
617,rainy,14
617,sunny,22
617,rainy,19
617,cloudy,16
617,sunny,20
617,rainy,10
617,sunny,15
618,cloudy,13
618,sunny,19
618,cloudy,14
618,rainy,16
618,cloudy,13
619,cloudy,7
619,snowy,13
619,sunny,12
619,cloudy,12
619,rainy,13
619,cloudy,14
619,sunny,12
620,cloudy,16
620,rainy,20
620,sunny,8
620,sunny,12
620,sunny,13
620,cloudy,21
620,snowy,17
620,sunny,12
621,sunny,18
621,sunny,18
621,cloudy,16
621,sunny,19
621,sunny,17
622,cloudy,18
622,sunny,17
622,sunny,21
622,sunny,12
622,sunny,16
622,cloudy,16
623,sunny,10
623,cloudy,16
623,snowy,14
623,rainy,21
624,sunny,13
624,sunny,12
624,sunny,12
625,snowy,8
625,rainy,11
625,rainy,14
626,sunny,15
626,sunny,22
626,sunny,12
626,cloudy,13
626,sunny,10
627,sunny,19
627,sunny,15
627,sunny,16
627,snowy,17
627,cloudy,18
627,cloudy,23
627,sunny,8
628,rainy,12
628,rainy,10
628,sunny,13
628,sunny,17
628,sunny,21
628,sunny,14
629,sunny,17
629,sunny,14
629,rainy,18
630,sunny,17
630,sunny,12
630,snowy,20
630,cloudy,13
630,rainy,15
631,cloudy,11
631,sunny,15
631,cloudy,14
631,rainy,22
631,sunny,11
631,cloudy,17
631,rainy,16
631,sunny,27
631,sunny,17
632,sunny,20
632,cloudy,19
632,cloudy,12
632,snowy,15
632,cloudy,12
633,sunny,10
634,cloudy,15
634,sunny,15
634,rainy,10
634,rainy,26
634,cloudy,14
634,cloudy,18
634,sunny,10
635,cloudy,16
635,rainy,13
635,rainy,23
636,sunny,15
636,sunny,7
636,cloudy,14
636,sunny,17
636,cloudy,13
636,rainy,19
636,sunny,15
637,cloudy,20
637,snowy,20
637,sunny,14
637,sunny,12
637,cloudy,19
637,rainy,14
637,cloudy,13
638,sunny,22
638,cloudy,18
639,cloudy,13
639,sunny,19
639,cloudy,15
639,rainy,8
639,sunny,10
640,sunny,18
640,sunny,19
640,sunny,14
640,cloudy,10
640,cloudy,12
640,sunny,17
640,rainy,16
641,snowy,15
641,sunny,11
641,rainy,17
643,rainy,14
643,rainy,12
643,cloudy,10
643,sunny,8
643,sunny,12
643,sunny,18
643,snowy,16
643,rainy,12
643,sunny,15
643,rainy,12
643,rainy,20
643,cloudy,15
644,rainy,9
644,cloudy,12
644,cloudy,18
644,sunny,18
644,cloudy,10
645,sunny,12
645,sunny,9
645,sunny,10
645,sunny,13
646,sunny,13
647,sunny,8
647,snowy,12
647,cloudy,14
648,snowy,19
648,cloudy,21
648,rainy,10
648,sunny,13
648,sunny,8
649,rainy,17
649,sunny,18
649,snowy,17
649,sunny,22
649,cloudy,10
649,cloudy,9
649,sunny,18
649,sunny,15
649,cloudy,18
650,rainy,21
650,rainy,10
650,cloudy,11
650,cloudy,14
651,sunny,11
651,sunny,7
651,rainy,13
651,sunny,15
651,sunny,12
651,rainy,16
651,sunny,19
651,cloudy,13
652,rainy,11
652,rainy,14
652,rainy,23
652,rainy,10
652,rainy,11
652,cloudy,19
652,sunny,18
653,sunny,18
653,sunny,14
654,cloudy,18
654,sunny,14
654,sunny,10
654,sunny,5
654,cloudy,20
654,rainy,12
654,rainy,17
654,cloudy,21
654,sunny,9
655,sunny,12
655,sunny,21
655,cloudy,14
655,sunny,20
656,sunny,19
656,sunny,16
656,cloudy,11
656,cloudy,9
657,sunny,17
657,rainy,15
657,sunny,12
657,rainy,23
657,sunny,18
657,sunny,11
658,rainy,13
658,sunny,17
658,cloudy,19
659,snowy,14
659,sunny,16
659,cloudy,6
659,cloudy,15
659,rainy,12
659,rainy,14
659,sunny,14
659,cloudy,9
659,snowy,20
659,rainy,15
662,sunny,8
667,snowy,5
668,sunny,7
680,sunny,8
703,cloudy,8
719,cloudy,7
720,sunny,23
720,sunny,29
721,cloudy,21
721,rainy,20
721,cloudy,15
721,sunny,15
721,sunny,24
721,sunny,17
721,snowy,25
721,cloudy,19
722,cloudy,21
722,cloudy,27
722,sunny,20
722,rainy,20
722,cloudy,20
723,sunny,28
723,sunny,17
723,rainy,21
723,cloudy,17
724,sunny,13
724,cloudy,21
724,snowy,21
724,sunny,19
724,sunny,20
725,sunny,20
725,sunny,17
725,sunny,19
725,cloudy,17
726,sunny,25
726,cloudy,21
726,cloudy,22
726,sunny,19
726,cloudy,15
726,sunny,21
726,cloudy,16
726,rainy,15
726,sunny,25
726,cloudy,18
727,sunny,20
727,sunny,22
727,sunny,21
728,cloudy,20
728,cloudy,9
728,sunny,19
728,sunny,28
728,rainy,28
728,snowy,24
728,sunny,14
729,rainy,22
729,cloudy,17
729,sunny,20
730,rainy,18
730,sunny,28
730,rainy,15
731,sunny,20
731,sunny,17
731,sunny,15
731,cloudy,17
731,sunny,26
732,rainy,17
732,sunny,18
732,sunny,22
732,cloudy,28
732,cloudy,14
732,sunny,22
732,rainy,24
732,sunny,25
733,cloudy,20
733,snowy,17
733,cloudy,27
734,sunny,19
734,snowy,26
734,cloudy,20
734,rainy,17
735,rainy,15
735,rainy,21
735,cloudy,21
735,sunny,26
736,cloudy,18
736,cloudy,18
736,sunny,17
736,rainy,18
737,rainy,15
737,sunny,18
737,rainy,20
737,cloudy,21
738,rainy,26
738,sunny,15
738,sunny,17
739,rainy,12
739,cloudy,17
739,rainy,16
739,rainy,16
739,snowy,25
739,rainy,19
739,rainy,12
740,sunny,22
740,rainy,25
740,cloudy,24
740,rainy,18
740,rainy,25
741,sunny,16
741,cloudy,18
742,rainy,21
742,sunny,14
742,cloudy,16
742,cloudy,21
742,rainy,29
742,rainy,16
743,cloudy,27
743,snowy,18
743,sunny,21
743,snowy,21
743,snowy,21
743,cloudy,21
744,cloudy,24
744,sunny,24
745,cloudy,15
745,cloudy,26
746,sunny,22
746,sunny,14
746,sunny,16
746,snowy,18
746,sunny,22
746,sunny,35
747,sunny,22
747,sunny,20
748,cloudy,26
748,cloudy,19
748,snowy,23
748,cloudy,10
749,cloudy,24
749,rainy,34
749,sunny,10
750,cloudy,25
750,cloudy,23
751,rainy,23
751,sunny,19
751,cloudy,26
752,cloudy,21
752,rainy,21
752,sunny,19
752,sunny,15
752,snowy,21
752,sunny,24
752,rainy,25
753,sunny,26
753,sunny,20
753,snowy,22
753,sunny,20
753,snowy,18
754,sunny,20
754,rainy,23
754,sunny,28
754,sunny,14
755,cloudy,18
755,cloudy,22
755,cloudy,18
755,sunny,16
755,sunny,19
756,cloudy,27
756,sunny,17
756,sunny,18
756,rainy,12
756,rainy,21
756,sunny,22
756,sunny,15
756,cloudy,30
757,cloudy,15
757,sunny,24
757,cloudy,16
757,sunny,14
758,cloudy,25
758,sunny,25
758,rainy,12
758,rainy,19
759,cloudy,22
759,sunny,20
759,sunny,18
760,cloudy,18
760,sunny,23
760,sunny,26
760,cloudy,16
760,cloudy,22
761,sunny,23
761,sunny,17
761,cloudy,16
761,sunny,13
761,snowy,28
761,cloudy,19
762,sunny,16
762,snowy,17
762,cloudy,20
762,rainy,22
762,snowy,26
762,rainy,13
762,cloudy,24
762,snowy,19
763,cloudy,16
763,cloudy,24
763,sunny,21
763,rainy,23
763,cloudy,19
763,rainy,23
763,cloudy,22
763,cloudy,14
764,cloudy,16
764,sunny,27
764,cloudy,19
764,cloudy,18
764,sunny,17
764,sunny,22
765,sunny,30
765,rainy,24
765,cloudy,24
765,cloudy,21
765,sunny,27
766,rainy,21
766,sunny,21
766,cloudy,22
766,sunny,16
766,sunny,15
766,sunny,28
767,rainy,25
767,sunny,15
767,sunny,12
767,cloudy,14
767,sunny,23
767,sunny,26
768,rainy,12
768,rainy,16
768,sunny,17
768,sunny,26
769,cloudy,17
769,sunny,25
769,sunny,19
769,cloudy,26
769,cloudy,22
769,cloudy,17
769,sunny,14
769,cloudy,24
770,sunny,18
770,sunny,24
770,snowy,19
770,rainy,22
770,cloudy,20
771,sunny,17
771,sunny,21
772,cloudy,25
772,cloudy,17
772,sunny,18
772,sunny,13
773,rainy,19
773,sunny,15
773,rainy,22
773,sunny,15
774,sunny,20
774,sunny,25
774,sunny,21
774,rainy,15
774,snowy,23
774,sunny,16
774,cloudy,22
774,sunny,23
774,cloudy,18
774,rainy,16
774,sunny,18
774,cloudy,23
775,snowy,19
775,cloudy,27
775,rainy,24
776,cloudy,20
776,snowy,21
776,rainy,24
776,sunny,21
776,sunny,23
777,snowy,20
777,rainy,12
777,sunny,20
777,sunny,26
778,cloudy,12
778,cloudy,18
778,snowy,17
778,sunny,15
778,cloudy,11
778,rainy,26
779,sunny,20
779,rainy,27
779,cloudy,19
779,cloudy,15
779,sunny,30
779,sunny,15
780,sunny,18
780,cloudy,26
780,cloudy,18
780,cloudy,13
780,cloudy,18
780,sunny,21
781,sunny,13
782,rainy,26
782,sunny,26
782,sunny,21
782,sunny,18
782,rainy,23
782,sunny,15
782,cloudy,18
782,snowy,37
783,sunny,27
783,sunny,17
783,rainy,18
783,cloudy,18
783,rainy,20
783,sunny,22
783,sunny,14
784,sunny,22
784,cloudy,24
784,rainy,19
784,rainy,22
784,cloudy,18
784,sunny,21
784,cloudy,21
784,rainy,28
785,sunny,17
785,rainy,20
785,sunny,19
785,cloudy,29
785,cloudy,14
785,rainy,23
785,cloudy,23
785,sunny,17
785,cloudy,17
786,sunny,28
786,rainy,17
786,cloudy,20
786,snowy,22
786,rainy,29
786,cloudy,24
786,cloudy,22
786,sunny,21
786,sunny,20
786,sunny,12
786,rainy,13
786,sunny,23
787,sunny,18
787,cloudy,21
788,rainy,24
788,sunny,27
788,sunny,25
788,sunny,17
788,cloudy,16
789,sunny,21
789,cloudy,19
790,snowy,19
790,cloudy,15
790,cloudy,18
790,sunny,17
790,rainy,22
790,cloudy,32
791,sunny,21
791,sunny,22
791,rainy,18
791,sunny,20
791,snowy,17
791,snowy,14
791,sunny,25
792,cloudy,20
792,rainy,16
792,cloudy,24
792,cloudy,20
792,sunny,9
792,rainy,11
793,cloudy,21
793,sunny,21
793,rainy,22
793,sunny,18
793,snowy,14
793,cloudy,18
793,sunny,31
793,sunny,18
793,sunny,12
794,cloudy,21
794,rainy,21
794,rainy,24
794,snowy,15
794,cloudy,26
794,sunny,20
794,cloudy,25
794,sunny,19
795,snowy,16
795,sunny,18
795,snowy,18
795,snowy,15
795,snowy,22
795,rainy,25
796,snowy,20
796,sunny,17
796,snowy,29
796,sunny,12
797,sunny,18
797,sunny,26
797,sunny,21
798,snowy,16
798,rainy,17
798,sunny,15
798,sunny,25
798,sunny,16
798,sunny,26
798,cloudy,16
799,sunny,21
799,sunny,17
800,rainy,21
800,sunny,22
800,sunny,23
800,sunny,27
800,cloudy,22
800,rainy,19
800,sunny,14
800,rainy,21
801,cloudy,22
801,cloudy,16
801,sunny,16
801,sunny,20
801,sunny,16
801,sunny,16
801,sunny,21
801,cloudy,20
802,sunny,17
802,rainy,19
802,sunny,16
802,cloudy,23
802,sunny,22
803,snowy,31
803,rainy,18
803,sunny,16
803,sunny,19
803,sunny,21
803,snowy,19
804,snowy,19
804,cloudy,23
804,rainy,17
804,sunny,17
804,sunny,24
804,rainy,30
804,rainy,22
804,cloudy,23
804,cloudy,19
805,sunny,14
805,cloudy,23
805,sunny,23
805,sunny,16
805,cloudy,18
806,sunny,12
806,cloudy,17
806,cloudy,14
807,sunny,13
807,sunny,11
807,sunny,16
807,rainy,22
808,sunny,9
808,sunny,26
808,sunny,20
808,sunny,21
808,rainy,26
809,sunny,23
809,sunny,26
809,sunny,17
809,cloudy,19
809,cloudy,22
810,cloudy,16
810,cloudy,20
810,rainy,27
810,rainy,28
811,snowy,20
811,sunny,17
811,cloudy,19
811,snowy,17
811,cloudy,26
811,sunny,18
811,cloudy,22
812,cloudy,20
812,sunny,18
812,cloudy,17
812,sunny,25
812,sunny,26
812,sunny,24
812,rainy,21
813,sunny,13
813,cloudy,13
814,rainy,14
814,rainy,26
814,cloudy,21
814,cloudy,26
815,sunny,17
815,snowy,18
815,rainy,19
816,sunny,29
816,sunny,18
816,sunny,23
816,cloudy,15
817,cloudy,28
817,sunny,20
817,sunny,28
817,sunny,28
817,rainy,20
817,cloudy,15
818,snowy,18
818,sunny,21
818,sunny,20
819,sunny,23
819,rainy,17
819,cloudy,18
819,cloudy,18
819,sunny,17
819,sunny,16
819,sunny,20
819,rainy,25
819,sunny,20
820,rainy,20
820,sunny,21
820,cloudy,22
820,rainy,20
820,cloudy,29
820,rainy,31
820,rainy,18
821,cloudy,15
822,sunny,29
822,sunny,17
822,rainy,20
822,snowy,28
823,sunny,10
823,cloudy,21
823,sunny,15
824,snowy,21
824,rainy,12
824,cloudy,23
824,rainy,19
824,sunny,17
824,cloudy,14
824,sunny,14
824,sunny,22
825,cloudy,25
825,sunny,26
826,snowy,16
826,rainy,25
826,cloudy,26
826,sunny,18
826,sunny,14
826,cloudy,16
826,rainy,25
827,rainy,24
827,cloudy,26
827,sunny,10
827,rainy,20
827,sunny,20
827,rainy,12
828,snowy,28
828,snowy,20
828,cloudy,28
828,rainy,17
829,rainy,20
829,snowy,23
829,cloudy,26
829,rainy,23
829,rainy,22
829,sunny,21
829,rainy,18
829,rainy,24
830,snowy,29
830,snowy,14
830,cloudy,17
831,sunny,20
831,sunny,19
831,rainy,20
831,rainy,24
831,cloudy,20
831,sunny,26
831,rainy,23
832,rainy,21
832,rainy,21
832,cloudy,7
832,sunny,18
832,sunny,30
832,snowy,23
833,rainy,14
833,sunny,21
833,sunny,20
833,sunny,20
834,sunny,25
834,snowy,23
834,rainy,24
834,sunny,17
834,cloudy,20
835,sunny,21
835,snowy,19
835,sunny,12
835,cloudy,18
835,rainy,17
836,rainy,17
836,cloudy,18
836,cloudy,19
836,snowy,19
836,rainy,19
837,sunny,20
837,cloudy,15
837,cloudy,23
837,rainy,24
837,snowy,10
838,cloudy,16
838,cloudy,24
838,rainy,18
838,cloudy,24
838,sunny,26
839,rainy,23
839,sunny,14
839,snowy,19
839,snowy,25
839,rainy,25
839,cloudy,12
839,sunny,19
839,cloudy,21
844,sunny,7
867,cloudy,4
934,rainy,3
939,sunny,8
941,sunny,6
946,rainy,4
999,sunny,5
1004,snowy,5
1016,sunny,6
1022,cloudy,3
1036,sunny,4
1045,sunny,5
1053,cloudy,4
1069,sunny,3
1078,rainy,5
1078,cloudy,5
1079,sunny,6
1090,cloudy,6
1095,cloudy,4
1100,rainy,8
1106,sunny,7
1124,sunny,2
1134,rainy,4
1136,sunny,8
1138,cloudy,1
1140,sunny,14
1140,rainy,20
1140,rainy,20
1141,rainy,15
1141,snowy,14
1141,cloudy,22
1142,sunny,12
1142,sunny,17
1142,snowy,14
1142,sunny,18
1142,cloudy,22
1143,cloudy,21
1143,cloudy,22
1144,sunny,17
1144,snowy,11
1144,rainy,21
1144,cloudy,17
1145,sunny,14
1145,rainy,12
1145,sunny,17
1145,rainy,16
1146,sunny,20
1146,rainy,21
1146,cloudy,24
1146,sunny,20
1146,sunny,17
1147,sunny,13
1147,snowy,15
1147,cloudy,13
1147,sunny,13
1147,cloudy,28
1148,sunny,12
1148,sunny,14
1148,sunny,16
1148,sunny,16
1148,rainy,17
1148,cloudy,21
1148,rainy,22
1148,rainy,22
1149,cloudy,20
1149,rainy,10
1149,cloudy,15
1149,cloudy,21
1149,sunny,21
1150,sunny,23
1150,rainy,17
1150,sunny,16
1150,sunny,24
1151,cloudy,16
1152,rainy,12
1152,rainy,17
1152,sunny,14
1152,snowy,16
1152,rainy,24
1152,cloudy,17
1153,snowy,18
1153,sunny,23
1153,rainy,25
1154,snowy,22
1154,snowy,17
1154,sunny,13
1154,cloudy,16
1155,sunny,6
1155,cloudy,18
1155,cloudy,12
1156,sunny,12
1156,cloudy,18
1157,sunny,21
1157,sunny,14
1158,snowy,17
1158,sunny,18
1159,sunny,15
1159,cloudy,19
1159,sunny,16
1159,rainy,17
1161,sunny,13
1161,rainy,19
1161,sunny,18
1162,sunny,25
1162,cloudy,20
1162,cloudy,11
1162,rainy,19
1162,sunny,12
1163,rainy,19
1163,sunny,23
1163,sunny,23
1163,cloudy,19
1163,sunny,21
1163,rainy,17
1163,cloudy,19
1163,rainy,21
1164,snowy,14
1164,rainy,22
1164,rainy,14
1165,cloudy,16
1165,snowy,10
1165,sunny,18
1165,cloudy,20
1165,rainy,17
1166,snowy,27
1166,sunny,19
1166,sunny,15
1166,sunny,19
1166,sunny,22
1166,sunny,16
1166,sunny,20
1167,rainy,20
1167,sunny,17
1167,snowy,17
1167,sunny,22
1167,sunny,16
1167,snowy,24
1167,sunny,19
1167,cloudy,12
1168,cloudy,21
1168,rainy,20
1168,sunny,22
1168,cloudy,10
1169,sunny,23
1169,rainy,20
1169,cloudy,15
1169,sunny,16
1169,sunny,13
1170,snowy,13
1170,cloudy,18
1170,cloudy,19
1170,sunny,22
1170,cloudy,15
1171,snowy,17
1171,rainy,26
1172,cloudy,27
1172,rainy,23
1173,cloudy,24
1173,sunny,15
1173,cloudy,18
1173,cloudy,18
1173,cloudy,24
1173,rainy,17
1173,sunny,22
1174,rainy,19
1174,cloudy,26
1174,rainy,17
1174,cloudy,18
1174,rainy,16
1174,sunny,21
1174,snowy,13
1174,sunny,16
1174,sunny,21
1175,cloudy,28
1175,rainy,12
1175,cloudy,28
1175,sunny,21
1175,rainy,19
1175,cloudy,10
1176,cloudy,15
1176,sunny,15
1176,sunny,19
1176,rainy,18
1176,sunny,21
1177,rainy,26
1177,sunny,21
1177,sunny,26
1177,sunny,20
1177,sunny,16
1177,sunny,16
1177,sunny,19
1177,sunny,13
1178,rainy,13
1178,rainy,23
1178,sunny,20
1178,rainy,25
1178,snowy,19
1178,rainy,21
1179,cloudy,23
1179,cloudy,24
1179,rainy,22
1180,snowy,11
1180,sunny,14
1180,sunny,18
1180,sunny,18
1181,snowy,28
1181,cloudy,18
1181,rainy,14
1181,cloudy,23
1181,cloudy,13
1181,snowy,20
1181,snowy,13
1182,rainy,24
1182,sunny,22
1183,rainy,26
1183,snowy,19
1183,cloudy,17
1183,cloudy,22
1183,cloudy,24
1183,rainy,23
1183,cloudy,14
1183,cloudy,20
1184,sunny,19
1184,sunny,25
1184,sunny,21
1184,cloudy,14
1185,rainy,15
1185,sunny,21
1185,sunny,16
1185,cloudy,24
1185,rainy,19
1185,sunny,21
1185,cloudy,15
1186,cloudy,15
1187,rainy,18
1187,cloudy,18
1187,sunny,16
1187,cloudy,13
1187,sunny,17
1187,sunny,12
1188,sunny,12
1188,sunny,15
1189,cloudy,13
1189,sunny,24
1189,cloudy,16
1189,rainy,15
1189,rainy,19
1189,sunny,21
1189,sunny,16
1189,rainy,21
1190,sunny,21
1190,sunny,21
1190,snowy,20
1191,cloudy,18
1191,sunny,16
1191,sunny,25
1191,sunny,19
1191,cloudy,20
1191,cloudy,20
1191,sunny,17
1191,sunny,31
1192,rainy,18
1192,sunny,23
1192,rainy,16
1193,cloudy,13
1193,sunny,14
1193,sunny,19
1193,rainy,28
1193,cloudy,21
1193,rainy,17
1193,cloudy,9
1194,sunny,18
1194,cloudy,28
1194,cloudy,13
1194,snowy,19
1194,cloudy,11
1194,cloudy,18
1195,cloudy,18
1195,sunny,21
1195,sunny,21
1195,sunny,13
1195,rainy,25
1196,sunny,21
1196,sunny,21
1197,rainy,18
1197,sunny,18
1197,rainy,22
1197,sunny,14
1198,rainy,25
1198,rainy,17
1198,rainy,18
1198,snowy,12
1198,sunny,24
1198,cloudy,24
1198,sunny,12
1199,snowy,11
1199,snowy,25
1199,rainy,19
1199,sunny,20
1199,cloudy,13
1200,sunny,18
1200,sunny,11
1200,sunny,19
1200,sunny,15
1200,sunny,16
1201,cloudy,13
1201,sunny,15
1201,sunny,14
1201,sunny,14
1202,sunny,17
1202,sunny,19
1202,sunny,22
1203,cloudy,19
1203,snowy,22
1203,cloudy,23
1203,sunny,18
1203,sunny,18
1203,sunny,17
1203,sunny,18
1204,cloudy,18
1204,sunny,22
1204,sunny,19
1204,cloudy,16
1204,sunny,18
1204,sunny,19
1204,snowy,8
1204,sunny,17
1204,cloudy,19
1205,rainy,22
1205,cloudy,19
1205,sunny,22
1205,cloudy,18
1206,sunny,18
1206,snowy,26
1206,cloudy,16
1206,cloudy,16
1206,sunny,14
1206,sunny,15
1206,sunny,25
1206,sunny,23
1206,cloudy,10
1206,snowy,12
1207,sunny,21
1207,sunny,22
1207,sunny,19
1207,sunny,21
1207,sunny,26
1207,rainy,19
1207,sunny,17
1207,rainy,16
1207,rainy,19
1208,rainy,17
1208,cloudy,16
1208,sunny,20
1208,rainy,19
1208,cloudy,13
1209,cloudy,22
1209,sunny,21
1209,cloudy,14
1210,cloudy,24
1210,sunny,12
1210,cloudy,16
1210,sunny,15
1210,cloudy,11
1210,sunny,16
1210,cloudy,24
1210,cloudy,18
1210,cloudy,17
1211,cloudy,16
1211,snowy,20
1211,sunny,11
1211,cloudy,13
1211,sunny,14
1211,sunny,17
1211,sunny,22
1211,sunny,14
1212,sunny,16
1212,sunny,20
1212,snowy,11
1212,cloudy,15
1212,rainy,22
1212,cloudy,17
1212,sunny,20
1213,rainy,14
1213,sunny,17
1213,sunny,16
1213,cloudy,20
1213,cloudy,20
1213,rainy,15
1213,rainy,20
1214,sunny,18
1214,sunny,16
1214,sunny,15
1214,sunny,19
1214,sunny,18
1214,sunny,19
1215,snowy,19
1215,sunny,22
1215,rainy,11
1216,sunny,16
1216,rainy,20
1216,sunny,16
1216,rainy,21
1216,sunny,23
1216,snowy,21
1217,sunny,21
1218,cloudy,18
1218,sunny,15
1218,snowy,19
1218,sunny,15
1218,sunny,21
1219,sunny,17
1219,sunny,15
1219,cloudy,30
1219,sunny,13
1219,cloudy,21
1219,cloudy,19
1219,cloudy,15
1220,cloudy,22
1220,sunny,20
1220,cloudy,20
1220,cloudy,18
1220,cloudy,23
1220,sunny,17
1221,cloudy,18
1221,cloudy,15
1221,sunny,22
1221,rainy,20
1221,snowy,19
1222,rainy,16
1222,rainy,12
1222,cloudy,18
1222,sunny,24
1222,cloudy,17
1222,rainy,21
1222,sunny,25
1222,rainy,15
1222,rainy,29
1222,cloudy,19
1222,sunny,12
1222,sunny,16
1223,rainy,18
1223,sunny,17
1223,sunny,14
1223,snowy,18
1223,rainy,14
1223,cloudy,27
1224,cloudy,23
1224,rainy,22
1224,sunny,14
1224,rainy,20
1225,cloudy,24
1225,snowy,22
1225,rainy,16
1225,cloudy,19
1225,rainy,20
1225,cloudy,15
1225,sunny,16
1225,cloudy,21
1225,cloudy,16
1225,cloudy,20
1226,snowy,21
1226,rainy,14
1226,rainy,21
1226,rainy,14
1226,rainy,22
1226,sunny,13
1226,sunny,23
1226,sunny,19
1226,cloudy,15
1227,sunny,10
1227,sunny,14
1227,cloudy,17
1227,sunny,23
1227,sunny,19
1227,rainy,16
1228,rainy,22
1228,sunny,14
1228,sunny,15
1228,rainy,16
1228,cloudy,18
1229,cloudy,18
1229,rainy,20
1229,cloudy,21
1229,rainy,9
1229,rainy,17
1229,rainy,14
1229,cloudy,23
1229,cloudy,18
1229,sunny,19
1229,cloudy,18
1230,sunny,23
1230,rainy,24
1230,sunny,16
1230,sunny,12
1230,cloudy,23
1230,cloudy,17
1230,cloudy,20
1230,cloudy,19
1231,sunny,13
1231,snowy,19
1231,sunny,21
1231,sunny,11
1232,rainy,22
1232,sunny,15
1232,cloudy,21
1232,rainy,15
1233,sunny,20
1233,sunny,12
1233,sunny,12
1233,sunny,19
1233,sunny,21
1233,sunny,21
1233,rainy,26
1233,sunny,19
1234,cloudy,19
1234,rainy,15
1234,sunny,22
1234,cloudy,18
1234,sunny,24
1234,rainy,24
1234,cloudy,11
1234,sunny,16
1235,sunny,15
1235,cloudy,15
1235,rainy,21
1235,cloudy,19
1235,cloudy,27
1235,cloudy,26
1235,rainy,23
1235,snowy,15
1235,cloudy,27
1236,rainy,19
1236,sunny,20
1236,sunny,17
1236,sunny,20
1236,cloudy,22
1236,sunny,13
1237,rainy,16
1237,rainy,13
1237,rainy,10
1237,rainy,17
1238,sunny,22
1238,cloudy,27
1238,sunny,18
1238,sunny,18
1239,cloudy,16
1239,sunny,17
1239,rainy,23
1239,rainy,18
1239,cloudy,28
1240,sunny,13
1240,cloudy,20
1240,snowy,19
1240,cloudy,11
1240,cloudy,14
1241,rainy,25
1241,sunny,14
1241,rainy,26
1241,cloudy,27
1242,sunny,18
1242,sunny,18
1242,cloudy,20
1242,sunny,26
1242,sunny,10
1243,sunny,24
1243,rainy,22
1243,rainy,22
1243,cloudy,20
1243,snowy,13
1243,sunny,13
1243,sunny,18
1243,cloudy,15
1244,sunny,21
1244,rainy,19
1244,sunny,13
1244,cloudy,16
1244,sunny,21
1244,rainy,20
1244,rainy,22
1244,snowy,20
1245,cloudy,20
1245,snowy,13
1245,cloudy,9
1245,snowy,30
1245,cloudy,13
1245,sunny,14
1246,sunny,6
1246,sunny,17
1246,sunny,22
1246,snowy,16
1246,rainy,20
1247,cloudy,19
1247,cloudy,21
1247,cloudy,30
1247,sunny,19
1247,sunny,15
1248,sunny,20
1248,cloudy,20
1248,rainy,13
1249,sunny,15
1249,cloudy,16
1249,rainy,17
1249,sunny,17
1249,sunny,11
1249,cloudy,21
1249,cloudy,17
1250,sunny,14
1250,sunny,11
1250,sunny,23
1250,sunny,20
1250,sunny,20
1250,sunny,14
1250,cloudy,23
1251,cloudy,21
1251,rainy,18
1251,rainy,16
1251,sunny,20
1251,rainy,18
1252,sunny,26
1252,cloudy,18
1252,snowy,16
1252,cloudy,19
1252,sunny,18
1252,cloudy,11
1253,sunny,19
1253,rainy,13
1253,rainy,21
1253,cloudy,21
1253,cloudy,18
1254,cloudy,14
1254,sunny,20
1254,cloudy,12
1254,sunny,32
1254,rainy,19
1254,cloudy,21
1255,rainy,17
1256,rainy,15
1257,cloudy,15
1257,snowy,18
1257,rainy,17
1257,cloudy,17
1258,rainy,16
1258,rainy,22
1259,rainy,17
1259,cloudy,18
1259,rainy,13
1259,rainy,18
1259,rainy,20
1259,cloudy,13
1259,sunny,14
1262,snowy,1
1283,rainy,6
1285,sunny,8
1299,cloudy,8
1335,cloudy,7
1341,sunny,5
1345,sunny,9
1382,snowy,7
1404,rainy,5
1408,cloudy,4
1417,cloudy,8
1421,sunny,6
1422,rainy,4
1426,cloudy,7
1434,sunny,3
1438,sunny,1
1441,cloudy,7
1445,sunny,4
1446,snowy,6
1447,sunny,5
1454,snowy,5
1461,sunny,1
1468,cloudy,2
1479,sunny,6
1495,sunny,11
1496,sunny,7
1500,sunny,4
1507,sunny,6
1508,cloudy,5
1512,sunny,4
1513,cloudy,6
1515,rainy,2
1517,cloudy,3
1527,sunny,6
1534,rainy,9
1542,rainy,9
1545,rainy,6
1548,sunny,2
1573,cloudy,5
1577,sunny,5
1592,cloudy,3
1622,snowy,6
1637,cloudy,4
1667,cloudy,4
1671,snowy,5
1676,cloudy,3
1679,sunny,4
1687,sunny,6
1699,cloudy,4
1709,rainy,7
1715,rainy,2
1722,cloudy,5
1740,cloudy,5
1742,cloudy,9
1757,sunny,4
1758,snowy,3
1767,rainy,10
1773,cloudy,9
1775,sunny,3
1786,rainy,6
1789,cloudy,6
1792,rainy,6
1798,rainy,5
1800,sunny,5
1801,sunny,4
1815,cloudy,4
1817,snowy,6
1819,sunny,3
1829,sunny,4
1861,rainy,5
1877,sunny,7
1879,sunny,8
1882,rainy,6
1883,sunny,11
1888,snowy,9
1888,cloudy,4
1891,cloudy,2
1894,snowy,6
1896,snowy,5
1901,rainy,9
1903,snowy,3
1922,snowy,6
1941,cloudy,5
1943,rainy,6
1945,rainy,11
1947,rainy,8
1948,rainy,3
1960,cloudy,4
1974,snowy,5
1974,rainy,9
1975,rainy,7
1978,sunny,4
1980,cloudy,10
1985,sunny,11
2007,cloudy,18
2022,cloudy,14
2024,cloudy,15
2039,sunny,12
2057,rainy,13
2065,sunny,25
2088,rainy,17
2088,sunny,13
2096,cloudy,12
2117,rainy,3
2120,rainy,3
2127,cloudy,10
2162,snowy,26
2175,cloudy,22
2180,sunny,19
2184,cloudy,18
2196,cloudy,26
2218,sunny,26
2225,rainy,21
2231,cloudy,25
2246,sunny,16
2250,rainy,29
2252,snowy,16
2260,rainy,24
2266,sunny,19
2284,sunny,3
2290,sunny,6
2291,snowy,6
2314,sunny,3
2320,sunny,3
2321,rainy,5
2333,cloudy,3
2369,sunny,3
2378,sunny,4
2381,cloudy,7
2384,rainy,3
2384,cloudy,4
2386,sunny,5
2387,sunny,3
2389,sunny,4
2390,rainy,7
2407,rainy,5
2408,cloudy,7
2413,sunny,3
2414,cloudy,4
2415,sunny,4
2434,cloudy,3
2444,sunny,7
2460,cloudy,1
2461,snowy,8
2475,cloudy,2
2476,snowy,7
2478,snowy,6
2485,cloudy,5
2488,snowy,1
2498,rainy,4
2502,sunny,6
2503,sunny,5
2516,sunny,5
2524,sunny,7
2527,cloudy,4
2541,sunny,6
2550,cloudy,2
2560,cloudy,3
2565,rainy,4
2568,rainy,3
2573,snowy,3
2587,cloudy,14
2618,sunny,20
2623,cloudy,13
2624,rainy,14
2648,sunny,16
2653,sunny,15
2671,cloudy,15
2675,snowy,17
2683,sunny,18
2694,rainy,17
2701,cloudy,9
2705,sunny,6
2716,snowy,7
2728,cloudy,7
2731,sunny,5
2745,cloudy,6
2750,sunny,3
2755,cloudy,6
2759,cloudy,8
2764,sunny,1
2777,sunny,5
2777,sunny,5
2783,sunny,9
2795,sunny,6
2798,cloudy,8
2801,snowy,5
2821,cloudy,4
2821,rainy,5
2825,sunny,8
2836,sunny,6
2847,cloudy,4
2856,cloudy,5
2859,rainy,3
2862,sunny,7
2865,sunny,4
2915,rainy,7
2919,sunny,3
2920,sunny,4
2928,cloudy,4
2929,sunny,9
2954,cloudy,7
2999,sunny,5
2999,sunny,7
3003,cloudy,5
3007,sunny,6
3011,cloudy,3
3020,cloudy,4
3022,rainy,5
3054,cloudy,4
3058,sunny,4
3059,cloudy,4
3062,sunny,2
3071,sunny,5
3071,sunny,5
3099,cloudy,5
3116,snowy,9
3124,sunny,4
3128,cloudy,5
3128,sunny,3
3144,rainy,4
3155,sunny,10
3162,sunny,3
3163,cloudy,6
3169,sunny,2
3171,cloudy,6
3179,sunny,9
3180,rainy,4
3182,sunny,5
3190,sunny,2
3203,rainy,4
3204,sunny,5
3208,sunny,4
3209,rainy,6
3209,rainy,5
3220,cloudy,4
3223,rainy,3
3226,sunny,5
3229,rainy,4
3232,sunny,5
3249,sunny,5
3272,rainy,5
3295,cloudy,0
3301,cloudy,3
3304,snowy,6
3308,sunny,4
3314,sunny,4
3316,sunny,6
3332,sunny,9
3335,sunny,1
3338,cloudy,4
3346,rainy,4
3353,rainy,4
3363,sunny,5
3368,snowy,5
3376,cloudy,3
3380,cloudy,7
3388,rainy,2
3392,cloudy,3
3416,sunny,6
3424,sunny,12
3432,snowy,13
3438,sunny,18
3443,sunny,13
3449,sunny,10
3455,sunny,15
3463,cloudy,18
3511,snowy,13
3512,rainy,19
3515,rainy,18
3522,rainy,23
3526,cloudy,16
3528,snowy,18
3533,sunny,17
3556,cloudy,5
3580,sunny,3
3589,cloudy,4
3607,cloudy,20
3609,sunny,22
3642,sunny,23
3645,sunny,20
3647,sunny,24
3656,cloudy,21
3678,rainy,17
3697,sunny,26
3702,cloudy,14
3723,sunny,3
3747,snowy,2
3750,rainy,7
3763,sunny,4
3766,cloudy,4
3767,rainy,6
3769,sunny,4
3778,sunny,8
3779,sunny,3
3783,snowy,4
3786,rainy,4
3806,sunny,9
3820,sunny,6
3832,sunny,3
3852,cloudy,4
3890,sunny,2
3897,cloudy,4
3921,sunny,8
3953,cloudy,2
3960,cloudy,7
3963,sunny,4
3967,sunny,10
3968,snowy,5
3970,sunny,7
3989,sunny,3
3999,sunny,8
4006,rainy,4
4013,cloudy,6
4020,sunny,20
4029,sunny,12
4036,cloudy,10
4048,sunny,16
4071,sunny,14
4085,sunny,16
4092,sunny,23
4111,cloudy,14
4113,rainy,14
4124,cloudy,29
4124,rainy,20
4126,cloudy,14
4136,sunny,26
4136,sunny,20
4138,cloudy,27
4145,cloudy,5
4146,snowy,5
4166,rainy,5
4171,rainy,6
4186,rainy,5
4215,sunny,7
4220,sunny,2
4238,sunny,5
4241,rainy,4
4241,sunny,4
4244,sunny,1
4251,rainy,3
4256,sunny,9
4257,rainy,6
4263,snowy,6
4296,rainy,6
4297,rainy,6
4309,rainy,4
4310,sunny,5
4310,cloudy,8
4313,cloudy,5
4315,rainy,9
4320,sunny,5
4326,rainy,3
4336,sunny,8
4336,sunny,2
4337,sunny,10
4362,sunny,2
4380,cloudy,8
4390,cloudy,2
4429,sunny,6
4440,sunny,9
4453,rainy,3
4454,rainy,7
4467,sunny,5
4467,cloudy,5
4493,sunny,4
4496,cloudy,7
4502,sunny,4
4522,sunny,3
4522,snowy,5
4552,snowy,5
4554,snowy,5
4559,sunny,5
4565,cloudy,7
4566,rainy,4
4588,sunny,4
4590,rainy,2
4595,rainy,7
4607,sunny,1
4611,rainy,4
4611,cloudy,5
4611,sunny,5
4622,sunny,4
4624,sunny,4
4671,cloudy,7
4687,rainy,4
4689,sunny,9
4692,snowy,8
4714,rainy,5
4720,rainy,2
4730,sunny,4
4731,sunny,5
4736,cloudy,4
4746,sunny,7
4746,sunny,6
4750,cloudy,6
4754,cloudy,8
4768,sunny,8
4770,snowy,3
4773,rainy,3
4774,rainy,5
4783,sunny,2
4799,rainy,5
4799,sunny,5
4801,cloudy,2
4814,sunny,5
4817,rainy,6
4820,rainy,11
4822,cloudy,10
4831,cloudy,0
4831,cloudy,6
4833,snowy,7
4837,rainy,7
4843,cloudy,6
4853,sunny,13
4855,sunny,2
4864,rainy,19
4890,cloudy,12
4894,cloudy,19
4902,cloudy,19
4905,cloudy,24
4913,cloudy,10
4913,rainy,12
4914,sunny,11
4938,cloudy,12
4951,sunny,19
4953,sunny,20
4956,rainy,17
4969,snowy,16
4986,snowy,3
4998,sunny,11
5005,cloudy,4
5030,sunny,2
5050,sunny,20
5062,sunny,20
5068,rainy,20
5069,rainy,23
5082,cloudy,24
5089,cloudy,18
5101,sunny,14
5103,rainy,23
5106,rainy,24
5119,snowy,21
5132,rainy,20
5143,sunny,26
5146,sunny,16
5148,cloudy,18
5149,sunny,13
5150,sunny,25
5151,cloudy,27
5157,cloudy,25
5159,rainy,17
5164,snowy,4
5172,sunny,8
5173,cloudy,4
5181,sunny,6
5187,cloudy,6
5188,sunny,2
5196,cloudy,5
5217,cloudy,4
5228,sunny,6
5228,cloudy,7
5238,sunny,5
5249,sunny,3
5263,cloudy,5
5280,sunny,2
5284,sunny,1
5311,snowy,3
5319,sunny,4
5342,sunny,6
5343,sunny,5
5347,sunny,5
5353,sunny,8
5356,cloudy,6
5356,sunny,2
5357,rainy,4
5359,cloudy,6
5366,sunny,5
5366,rainy,4
5387,sunny,4
5394,cloudy,4
5399,rainy,3
5400,sunny,5
5404,cloudy,4
5405,sunny,1
5454,sunny,2
5455,sunny,4
5458,sunny,4
5466,sunny,20
5472,sunny,25
5482,cloudy,20
5497,sunny,20
5504,cloudy,13
5511,sunny,22
5518,cloudy,20
5518,sunny,23
5527,sunny,12
5532,cloudy,25
5533,cloudy,19
5541,sunny,10
5550,snowy,25
5550,snowy,17
5569,cloudy,17
5573,cloudy,21
5578,sunny,17
5582,rainy,2
5585,cloudy,5
5593,sunny,1
5615,sunny,6
5620,sunny,5
5623,cloudy,6
5642,sunny,5
5645,sunny,6
5658,snowy,7
5675,sunny,3
5690,cloudy,6
5693,sunny,7
5700,snowy,10
5715,sunny,2
5736,sunny,5
5737,sunny,4
5750,sunny,2
5757,cloudy,2
5757,cloudy,6
5770,cloudy,6
5782,rainy,8
5810,rainy,2
5814,rainy,3
5817,sunny,8
5818,cloudy,5
5819,rainy,3
5820,sunny,3
5840,snowy,3
5842,sunny,3
5853,rainy,5
5860,cloudy,4
5863,rainy,3
5865,cloudy,3
5881,snowy,5
5897,sunny,5
5898,sunny,4
5901,rainy,4
5903,sunny,2
5908,snowy,4
5919,sunny,12
5941,rainy,5
5943,rainy,2
5948,rainy,2
5950,sunny,6
5955,sunny,3
5958,sunny,4
5981,snowy,4
5982,snowy,3
5983,rainy,5
5995,snowy,6
5995,snowy,6
6000,cloudy,5
6008,rainy,6
6009,cloudy,8
6017,sunny,4
6024,cloudy,5
6025,cloudy,1
6029,cloudy,3
6053,snowy,4
6055,cloudy,7
6072,snowy,3
6085,snowy,10
6108,rainy,2
6115,sunny,6
6116,sunny,8
6126,snowy,5
6129,sunny,5
6131,cloudy,6
6166,cloudy,5
6166,sunny,10
6179,rainy,2
6180,rainy,4
6187,sunny,6
6191,sunny,1
6193,cloudy,4
6193,cloudy,4
6201,cloudy,4
6203,cloudy,7
6208,sunny,6
6208,snowy,6
6211,rainy,8
6212,cloudy,3
6247,sunny,4
6265,sunny,7
6269,sunny,6
6271,sunny,1
6298,rainy,6
6301,rainy,13
6325,rainy,20
6334,sunny,14
6339,sunny,16
6346,cloudy,9
6349,sunny,12
6366,snowy,14
6395,sunny,16
6396,cloudy,11
6415,sunny,17
6417,sunny,22
6419,sunny,12
6427,rainy,2
6437,sunny,9
6455,sunny,9
6455,cloudy,2
6458,sunny,7
6464,cloudy,3
6479,rainy,2
6512,sunny,30
6517,sunny,28
6527,rainy,20
6548,rainy,19
6556,sunny,17
6565,sunny,13
6567,sunny,16
6568,cloudy,26
6594,rainy,18
6597,cloudy,20
6606,cloudy,6
6612,rainy,5
6618,rainy,7
6620,sunny,5
6623,cloudy,9
6634,rainy,8
6636,sunny,10
6656,sunny,4
6658,sunny,5
6661,sunny,4
6661,cloudy,5
6668,sunny,9
6670,sunny,4
6680,cloudy,5
6683,sunny,4
6719,sunny,5
6731,cloudy,6
6733,sunny,3
6739,sunny,5
6750,cloudy,4
6759,sunny,5
6764,rainy,10
6765,sunny,8
6768,sunny,6
6771,cloudy,6
6777,cloudy,9
6782,sunny,5
6786,rainy,4
6789,sunny,3
6811,cloudy,4
6816,sunny,8
6819,cloudy,4
6830,cloudy,7
6845,sunny,7
6848,cloudy,7
6864,rainy,3
6872,sunny,4
6875,sunny,2
6889,sunny,5
6891,sunny,3
6895,sunny,1
6898,cloudy,4
6902,cloudy,21
6905,sunny,18
6915,sunny,15
6931,sunny,16
6945,sunny,26
6954,sunny,23
6958,rainy,8
6963,cloudy,11
6975,snowy,21
6978,snowy,20
6991,sunny,8
6994,rainy,19
6999,cloudy,14
7025,sunny,8
7036,snowy,7
7036,cloudy,5
7061,snowy,9
7067,sunny,9
7096,cloudy,3
7101,sunny,8
7105,sunny,3
7112,cloudy,5
7120,sunny,5
7121,rainy,5
7130,cloudy,5
7140,sunny,5
7145,cloudy,5
7168,cloudy,2
7181,cloudy,6
7188,rainy,7
7188,cloudy,4
7190,sunny,2
7198,rainy,3
7208,cloudy,9
7212,sunny,4
7215,sunny,3
7228,rainy,7
7232,rainy,4
7233,rainy,5
7240,snowy,7
7268,sunny,5
7273,cloudy,2
7278,rainy,4
7287,rainy,4
7301,sunny,5
7303,sunny,4
7318,sunny,7
7321,rainy,3
7321,snowy,5
7321,cloudy,4
7327,sunny,4
7331,snowy,3
7331,sunny,6
7349,cloudy,3
7367,rainy,3
7369,rainy,7
7378,sunny,6
7379,rainy,3
7387,cloudy,4
7388,cloudy,13
7406,rainy,4
7429,cloudy,4
7456,sunny,7
7456,cloudy,6
7466,sunny,2
7483,rainy,1
7489,sunny,7
7492,snowy,2
7499,cloudy,8
7499,rainy,5
7502,sunny,3
7505,cloudy,8
7517,sunny,1
7529,cloudy,2
7543,rainy,6
7547,sunny,4
7549,cloudy,9
7573,sunny,2
7580,cloudy,5
7586,rainy,5
7588,sunny,6
7599,sunny,9
7607,rainy,7
7609,rainy,6
7620,snowy,2
7637,sunny,2
7648,sunny,6
7654,sunny,4
7669,snowy,4
7674,sunny,7
7677,cloudy,4
7677,sunny,9
7693,cloudy,3
7699,sunny,6
7703,sunny,6
7722,sunny,1
7725,sunny,5
7728,rainy,6
7735,sunny,7
7737,cloudy,6
7745,rainy,19
7746,cloudy,11
7746,sunny,21
7748,rainy,13
7748,cloudy,15
7750,cloudy,19
7758,cloudy,23
7803,sunny,10
7815,sunny,19
7823,sunny,14
7829,sunny,21
7832,sunny,18
7835,rainy,19
7842,cloudy,17
7843,rainy,15
7860,sunny,13
7860,cloudy,16
7864,cloudy,6
7880,cloudy,4
7882,sunny,5
7887,cloudy,5
7889,cloudy,4
7890,sunny,4
7893,sunny,5
7895,cloudy,3
7896,rainy,7
7896,sunny,4
7899,sunny,3
7901,cloudy,8
7914,cloudy,12
7916,snowy,6
7930,cloudy,29
7934,rainy,23
7935,rainy,16
7937,snowy,28
7945,snowy,22
7947,cloudy,25
7969,snowy,21
7972,cloudy,13
7975,rainy,21
7985,rainy,15
7985,rainy,16
7988,cloudy,23
7992,rainy,20
7992,sunny,19
8004,sunny,24
8011,rainy,20
8014,cloudy,18
8016,cloudy,24
8025,sunny,21
8028,sunny,20
8029,cloudy,22
8054,sunny,7
8060,cloudy,4
8064,rainy,7
8071,sunny,5
8090,rainy,6
8093,cloudy,3
8106,rainy,7
8109,rainy,6
8113,cloudy,5
8121,sunny,3
8124,sunny,6
8126,rainy,5
8139,sunny,2
8142,sunny,5
8158,cloudy,2
8162,sunny,8
8166,rainy,3
8178,cloudy,5
8180,sunny,2
8191,rainy,8
8192,cloudy,3
8200,snowy,6
8204,rainy,6
8205,snowy,2
8242,sunny,7
8244,rainy,2
8254,cloudy,9
8258,sunny,4
8263,cloudy,3
8270,cloudy,3
8275,cloudy,6
8276,sunny,4
8283,rainy,3
8286,sunny,4
8305,snowy,3
8312,snowy,5
8323,sunny,7
8330,cloudy,3
8356,snowy,16
8390,rainy,18
8402,snowy,14
8409,cloudy,18
8413,snowy,23
8423,sunny,14
8443,rainy,26
8447,cloudy,21
8473,cloudy,9
8474,cloudy,3
8479,sunny,5
8487,cloudy,5
8495,rainy,4
8497,cloudy,3
8505,sunny,3
8525,cloudy,7
8526,sunny,4
8539,snowy,4
8554,sunny,9
8566,rainy,8
8575,rainy,4
8579,sunny,4
8583,rainy,4
8589,cloudy,7
8592,sunny,4
8603,rainy,4
8614,rainy,5
8631,rainy,4
8643,rainy,6
8644,snowy,8
8648,cloudy,9
8658,cloudy,9
8667,cloudy,7
8667,rainy,7
8688,rainy,3
8699,sunny,7
8703,cloudy,6
8720,sunny,2
8733,sunny,7
8739,cloudy,1
8740,rainy,10
8746,rainy,4
8747,cloudy,7
8754,sunny,4
8773,sunny,4
8774,cloudy,5
8778,cloudy,3
8784,rainy,4
8786,rainy,4
8787,sunny,4
8797,cloudy,10
8821,snowy,7
8821,rainy,5
8823,cloudy,6
8827,rainy,2
8831,snowy,7
8849,rainy,3
8850,cloudy,8
8860,rainy,5
8872,cloudy,9
8885,snowy,8
8887,cloudy,3
8898,cloudy,4
8898,sunny,6
8907,sunny,4
8913,cloudy,1
8916,cloudy,7
8921,cloudy,2
8923,snowy,5
8924,cloudy,6
8925,cloudy,8
8933,cloudy,10
8949,sunny,7
8953,cloudy,2
8953,snowy,4
8954,sunny,7
8955,sunny,3
8962,sunny,7
8963,snowy,5
8972,sunny,5
8976,sunny,3
8985,cloudy,4
9011,sunny,8
9019,rainy,4
9043,sunny,2
9054,sunny,5
9055,sunny,5
9056,sunny,2
9056,sunny,6
9059,sunny,6
9064,cloudy,10
9069,sunny,6
9075,cloudy,6
9085,cloudy,5
9085,sunny,5
9086,rainy,1
9118,cloudy,4
9123,cloudy,8
9141,rainy,3
9142,cloudy,6
9148,sunny,5
9150,sunny,4
9172,cloudy,4
9175,snowy,4
9197,cloudy,15
9208,rainy,16
9208,sunny,19
9211,cloudy,16
9220,rainy,13
9224,sunny,15
9228,sunny,13
9239,sunny,17
9242,rainy,11
9262,cloudy,16
9272,cloudy,13
9283,cloudy,15
9290,cloudy,15
9294,rainy,14
9301,cloudy,6
9347,sunny,6
9358,sunny,2
9361,rainy,13
9370,sunny,22
9371,rainy,14
9383,sunny,20
9387,cloudy,18
9395,cloudy,21
9407,rainy,18
9413,cloudy,18
9415,rainy,22
9425,sunny,15
9436,snowy,19
9442,rainy,14
9450,cloudy,15
9454,sunny,21
9459,rainy,20
9478,sunny,25
9489,rainy,5
9491,cloudy,6
9506,rainy,6
9507,cloudy,5
9541,rainy,5
9544,rainy,3
9549,sunny,4
9559,cloudy,6
9571,cloudy,4
9589,rainy,4
9597,snowy,10
9602,sunny,4
9607,sunny,4
9608,sunny,5
9610,cloudy,2
9623,sunny,3
9627,snowy,6
9631,sunny,3
9643,sunny,7
9654,cloudy,4
9662,snowy,6
9677,sunny,4
9685,cloudy,6
9707,cloudy,5
9707,cloudy,4
9734,sunny,9
9739,cloudy,5
9746,rainy,10
9775,snowy,2
9775,sunny,7
9776,sunny,5
9778,cloudy,7
9816,sunny,24
9829,cloudy,16
9830,sunny,23
9856,sunny,19
9856,sunny,13
9857,sunny,13
9875,rainy,20
9893,sunny,20
9897,cloudy,20
9910,sunny,2
9950,sunny,4
9952,cloudy,6
9963,cloudy,8
9965,cloudy,3
9973,sunny,6
9975,sunny,2
9980,cloudy,6
9981,snowy,6
9981,sunny,4
10018,sunny,2
10022,sunny,1
10027,cloudy,6
10032,sunny,6
10043,sunny,4
10068,cloudy,6
10078,cloudy,5
10079,sunny,3
